{
  "f1_macro": 0.6657877389584708,
  "classification_report": {
    "True(0)": {
      "precision": 0.660377358490566,
      "recall": 0.7070707070707071,
      "f1-score": 0.6829268292682927,
      "support": 99.0
    },
    "Fake(1)": {
      "precision": 0.6741573033707865,
      "recall": 0.625,
      "f1-score": 0.6486486486486487,
      "support": 96.0
    },
    "accuracy": 0.6666666666666666,
    "macro avg": {
      "precision": 0.6672673309306763,
      "recall": 0.6660353535353536,
      "f1-score": 0.6657877389584708,
      "support": 195.0
    },
    "weighted avg": {
      "precision": 0.6671613313546746,
      "recall": 0.6666666666666666,
      "f1-score": 0.6660514172709295,
      "support": 195.0
    }
  },
  "confusion_matrix": [
    [
      70,
      29
    ],
    [
      36,
      60
    ]
  ]
}