{
  "f1_macro": 0.7783446562161305,
  "classification_report": {
    "True(0)": {
      "precision": 0.7545454545454545,
      "recall": 0.8383838383838383,
      "f1-score": 0.7942583732057417,
      "support": 99.0
    },
    "Fake(1)": {
      "precision": 0.8117647058823529,
      "recall": 0.71875,
      "f1-score": 0.7624309392265194,
      "support": 96.0
    },
    "accuracy": 0.7794871794871795,
    "macro avg": {
      "precision": 0.7831550802139038,
      "recall": 0.7785669191919191,
      "f1-score": 0.7783446562161305,
      "support": 195.0
    },
    "weighted avg": {
      "precision": 0.7827149321266968,
      "recall": 0.7794871794871795,
      "f1-score": 0.7785894826313553,
      "support": 195.0
    }
  },
  "confusion_matrix": [
    [
      83,
      16
    ],
    [
      27,
      69
    ]
  ]
}